country,learner_count_v1,completion_rate_v1,completion_gap_vs_overall_v1,active_learner_ratio_v1,avg_progress_pct_v1,avg_time_spent_hours_v1,missing_hours_ratio_v1,learner_count_v2,completion_rate_v2,completion_gap_vs_overall_v2,active_learner_ratio_v2,avg_progress_pct_v2,avg_time_spent_hours_v2,missing_hours_ratio_v2,learner_count_delta,completion_rate_delta,completion_gap_vs_overall_delta,active_learner_ratio_delta,avg_progress_pct_delta,avg_time_spent_hours_delta,missing_hours_ratio_delta
Germany,72,0.5277777777777778,0.0477777777777778,0.7361111111111112,62.19444444444444,6.884057971014493,0.0416666666666666,70,0.3142857142857143,-0.14,0.5714285714285714,45.84285714285714,4.405970149253731,0.0428571428571428,-2,-0.2134920634920635,-0.18777777777777782,-0.16468253968253976,-16.3515873015873,-2.478087821760762,0.0011904761904762001
Italy,64,0.53125,0.05125,0.765625,65.15625,6.352542372881356,0.078125,66,0.5151515151515151,0.0608658008658008,0.7121212121212122,64.62121212121212,5.823333333333333,0.0909090909090909,2,-0.016098484848484862,0.0096158008658008,-0.053503787878787845,-0.5350378787878753,-0.5292090395480225,0.012784090909090898
Spain,77,0.5064935064935064,0.0264935064935064,0.7142857142857143,61.83116883116883,5.291549295774648,0.0779220779220779,61,0.4918032786885246,0.0375175644028102,0.7377049180327869,62.21311475409836,6.01864406779661,0.0327868852459016,-16,-0.014690227804981859,0.0110240579093038,0.023419203747072626,0.3819459229295319,0.727094772021962,-0.04513519267617631
France,70,0.4285714285714285,-0.0514285714285714,0.7428571428571429,58.642857142857146,5.721739130434782,0.0142857142857142,84,0.4523809523809524,-0.0019047619047619,0.6904761904761905,57.60714285714285,5.946052631578947,0.0952380952380952,14,0.02380952380952389,0.0495238095238095,-0.05238095238095242,-1.035714285714299,0.22431350114416482,0.080952380952381
Netherlands,67,0.4029850746268656,-0.0770149253731343,0.6865671641791045,55.26865671641791,5.698484848484849,0.0149253731343283,69,0.5072463768115942,0.0529606625258799,0.7391304347826086,63.34782608695652,6.4609375,0.072463768115942,2,0.10426130218472862,0.1299755878990142,0.052563270603504186,8.079169370538615,0.7624526515151508,0.0575383949816137
