country,learner_count,completion_rate,completion_gap_vs_overall,active_learner_ratio,avg_progress_pct,avg_time_spent_hours,missing_hours_ratio
Netherlands,67,0.40298507462686567,-0.07701492537313431,0.6865671641791045,55.26865671641791,5.698484848484849,0.014925373134328358
France,70,0.42857142857142855,-0.051428571428571435,0.7428571428571429,58.642857142857146,5.721739130434782,0.014285714285714285
Spain,77,0.5064935064935064,0.026493506493506458,0.7142857142857143,61.83116883116883,5.291549295774648,0.07792207792207792
Germany,72,0.5277777777777778,0.04777777777777781,0.7361111111111112,62.19444444444444,6.884057971014493,0.041666666666666664
Italy,64,0.53125,0.05125000000000002,0.765625,65.15625,6.352542372881356,0.078125
