course_name,learner_count,completion_rate,completion_gap_vs_overall,active_learner_ratio,avg_progress_pct,avg_time_spent_hours,missing_hours_ratio
Python for Business,47,0.3404255319148936,-0.13957446808510637,0.6808510638297872,49.148936170212764,4.7295454545454545,0.06382978723404255
Power BI Fundamentals,61,0.4098360655737705,-0.07016393442622948,0.6721311475409836,53.65573770491803,5.835593220338983,0.03278688524590164
Data Storytelling,56,0.48214285714285715,0.0021428571428571686,0.7142857142857143,60.17857142857143,5.891071428571428,0.0
Azure Basics,65,0.5076923076923077,0.027692307692307683,0.7384615384615385,63.261538461538464,6.032258064516129,0.046153846153846156
Leadership 101,58,0.5344827586206896,0.05448275862068963,0.7586206896551724,66.37931034482759,6.598181818181818,0.05172413793103448
Compliance Essentials,63,0.5714285714285714,0.09142857142857141,0.7936507936507936,68.28571428571429,6.503448275862069,0.07936507936507936
