department,learner_count,completion_rate,completion_gap_vs_overall,active_learner_ratio,avg_progress_pct,avg_time_spent_hours,missing_hours_ratio
Operations Academy,57,0.3684210526315789,-0.11157894736842106,0.7368421052631579,55.19298245614035,5.0307692307692315,0.08771929824561403
HR Learning,51,0.39215686274509803,-0.08784313725490195,0.6274509803921569,51.0,5.05,0.0196078431372549
Sales Training East,60,0.45,-0.02999999999999997,0.7833333333333333,61.65,6.410526315789474,0.05
Leadership Programs,60,0.5166666666666667,0.036666666666666736,0.7333333333333333,63.166666666666664,5.881034482758621,0.03333333333333333
Digital Learning,57,0.5263157894736842,0.0463157894736842,0.7719298245614035,65.87719298245614,6.072222222222222,0.05263157894736842
Sales Training West,65,0.6,0.12,0.7076923076923077,65.01538461538462,7.109523809523809,0.03076923076923077
