country,learner_count,completion_rate,completion_gap_vs_overall,active_learner_ratio,avg_progress_pct,avg_time_spent_hours,missing_hours_ratio
Germany,70,0.3142857142857143,-0.14,0.5714285714285714,45.84285714285714,4.405970149253731,0.04285714285714286
France,84,0.4523809523809524,-0.001904761904761909,0.6904761904761905,57.607142857142854,5.946052631578947,0.09523809523809523
Spain,61,0.4918032786885246,0.03751756440281029,0.7377049180327869,62.21311475409836,6.01864406779661,0.03278688524590164
Netherlands,69,0.5072463768115942,0.05296066252587994,0.7391304347826086,63.34782608695652,6.4609375,0.07246376811594203
Italy,66,0.5151515151515151,0.060865800865800845,0.7121212121212122,64.62121212121212,5.823333333333333,0.09090909090909091
