course_name,learner_count,completion_rate,completion_gap_vs_overall,active_learner_ratio,avg_progress_pct,avg_time_spent_hours,missing_hours_ratio
Data Storytelling,51,0.37254901960784315,-0.08173669467787115,0.6862745098039216,56.05882352941177,5.295555555555556,0.11764705882352941
Azure Basics,68,0.38235294117647056,-0.07193277310924373,0.5588235294117647,48.279411764705884,3.4080645161290324,0.08823529411764706
Compliance Essentials,69,0.463768115942029,0.009482401656314698,0.7971014492753623,64.02898550724638,7.274242424242424,0.043478260869565216
Power BI Fundamentals,56,0.4642857142857143,0.010000000000000009,0.6785714285714286,59.30357142857143,5.834615384615384,0.07142857142857142
Python for Business,60,0.4666666666666667,0.012380952380952381,0.65,56.86666666666667,5.6890909090909085,0.08333333333333333
Leadership 101,46,0.6086956521739131,0.1544099378881988,0.782608695652174,69.26086956521739,6.936956521739131,0.0
