department,learner_count,completion_rate,completion_gap_vs_overall,active_learner_ratio,avg_progress_pct,avg_time_spent_hours,missing_hours_ratio
Leadership Programs,42,0.3333333333333333,-0.12095238095238098,0.6904761904761905,50.0,4.535,0.047619047619047616
Sales Training West,68,0.4117647058823529,-0.04252100840336137,0.6617647058823529,55.51470588235294,5.632258064516129,0.08823529411764706
Sales Training East,61,0.4426229508196721,-0.01166276346604217,0.6229508196721312,55.63934426229508,5.95,0.08196721311475409
Digital Learning,65,0.46153846153846156,0.007252747252747271,0.6461538461538462,57.93846153846154,6.114754098360656,0.06153846153846154
Operations Academy,63,0.5079365079365079,0.053650793650793616,0.7936507936507936,64.73015873015873,5.608771929824561,0.09523809523809523
HR Learning,51,0.5490196078431373,0.09473389355742301,0.7254901960784313,66.0,6.172000000000001,0.0196078431372549
