dataset_version,row_count,completion_rate,active_learner_ratio,avg_progress_pct,avg_time_spent_hours,missing_hours_ratio
2026-01-13,350,0.4542857142857143,0.6885714285714286,58.511428571428574,5.721165644171779,0.06857142857142857
